ID	タイトル	画像	説明
1	AAA AAA AAA AAA AAA AAA	<img src="1/picture.jpg">	aaaaa aaaaa aaaaa aaaaa.  aaaaa aaaaa aaaaa aaaaa.  aaaaa aaaaa aaaaa aaaaa.<br>aaaaa aaaaa aaaaa aaaaa.
2	BBB	<img src="">	bbbbb
3	CCC	<img src="">	ccccc
4	DDD	<img src="">	ddddd
5	EEE	<img src="">	eeeee
6	FFF	<img src="">	fffff
7	AAA	<img src="1/picture.jpg">	<p>aaaaa aaaaa aaaaa aaaaa.  aaaaa aaaaa aaaaa aaaaa.  aaaaa aaaaa aaaaa aaaaa.<br>aaaaa aaaaa aaaaa aaaaa.</p>
8	BBB	<img src="">	bbbbb
9	CCC	<img src="">	ccccc
10	DDD	<img src="">	ddddd
11	EEE	<img src="">	eeeee
12	FFF	<img src="">	fffff
13	CCC	<img src="">	ccccc
14	DDD	<img src="">	ddddd
15	EEE	<img src="">	eeeee
16	FFF	<img src="">	fffff
17	AAA	<img src="1/picture.jpg">	<p>aaaaa aaaaa aaaaa aaaaa.  aaaaa aaaaa aaaaa aaaaa.  aaaaa aaaaa aaaaa aaaaa.<br>aaaaa aaaaa aaaaa aaaaa.</p>
18	BBB BBB BBB BBB BBB BBB BBB	<img src="">	bbbbb
19	CCC CCC CCC CCC CCC CCC	<img src="">	ccccc
20	DDD	<img src="">	ddddd
21	AAA	<img src="1/picture.jpg">	<p>aaaaa aaaaa aaaaa aaaaa.  aaaaa aaaaa aaaaa aaaaa.  aaaaa aaaaa aaaaa aaaaa.<br>aaaaa aaaaa aaaaa aaaaa.</p>
22	BBB	<img src="">	bbbbb
23	CCC	<img src="">	ccccc
24	DDD	<img src="">	ddddd
25	EEE	<img src="">	eeeee
26	FFF	<img src="">	fffff
27	AAA	<img src="1/picture.jpg">	<p>aaaaa aaaaa aaaaa aaaaa.  aaaaa aaaaa aaaaa aaaaa.  aaaaa aaaaa aaaaa aaaaa.<br>aaaaa aaaaa aaaaa aaaaa.</p>
28	BBB	<img src="">	bbbbb
29	CCC	<img src="">	ccccc